City_ID,City,Lat,Lng,Max Temp,Humidity,Cloudiness,Wind Speed,Country,Date
0,puerto ayora,-0.7393,-90.3518,24.75,94,55,4.02,EC,1690257985
1,selkirk,50.1436,-96.8845,22.26,85,79,3.52,CA,1690258577
2,sisimiut,66.9395,-53.6735,5.03,90,56,6.24,GL,1690258577
3,yellowknife,62.456,-114.3525,23.29,43,75,5.14,CA,1690258481
4,kidal,18.4411,1.4078,32.83,43,100,3.68,ML,1690258578
5,bengkulu,-3.8004,102.2655,28.2,65,13,1.68,ID,1690258000
6,vorgashor,67.5833,63.95,19.87,65,83,2.96,RU,1690257986
7,port-aux-francais,-49.35,70.2167,3.32,65,100,8.69,TF,1690258579
8,warman,52.3168,-106.5679,23.95,73,20,5.14,CA,1690258580
9,grytviken,-54.2811,-36.5092,-5.57,78,20,5.21,GS,1690258580
10,timimoun,29.2639,0.231,31.21,8,21,4.12,DZ,1690258581
11,shahrak,34.1074,64.3052,22.77,24,47,1.15,AF,1690258581
12,santana,-0.0583,-51.1817,26.1,94,0,1.54,BR,1690258582
13,margaret river,-33.95,115.0667,14.98,90,100,7.23,AU,1690258583
14,utrik,11.2278,169.8474,28.73,74,100,7.36,MH,1690258583
15,reyes,-14.3167,-67.3833,21.7,71,0,0.97,BO,1690258584
16,blackmans bay,-43.0167,147.3167,13.74,62,100,1.13,AU,1690258585
17,vila franca do campo,37.7167,-25.4333,21.23,88,36,1.95,PT,1690258218
18,joshimath,30.5667,79.5667,24.41,83,94,1.88,IN,1690258586
19,bobo-dioulasso,11.1771,-4.2979,24.25,100,20,1.54,BF,1690258587
20,yuzhno-kurilsk,44.0306,145.8556,23.07,81,54,0.33,RU,1690258043
21,isafjordur,66.0755,-23.124,8.7,95,100,3.15,IS,1690258021
22,constantia,44.1833,28.65,22.61,74,10,5.92,RO,1690258588
23,thompson,55.7435,-97.8558,18.09,77,100,6.69,CA,1690258080
24,mazagao,-0.115,-51.2894,26.03,84,69,1.66,BR,1690258589
25,kirishi,59.4471,32.0205,13.65,73,79,2.65,RU,1690258590
26,olonkinbyen,70.9221,-8.7187,5.16,90,100,4.84,SJ,1690258590
27,bethel,41.3712,-73.414,23.75,82,20,1.54,US,1690258591
28,puerto natales,-51.7236,-72.4875,-4.59,91,100,0.54,CL,1690258592
29,albany,42.6001,-73.9662,20.17,89,19,1.2,US,1690258461
30,lebu,-37.6167,-73.65,12.34,90,100,6.12,CL,1690258036
31,edinburgh of the seven seas,-37.0676,-12.3116,14.88,81,77,17.02,SH,1690258593
32,lichtenburg,-26.152,26.1597,7.5,24,34,3.38,ZA,1690258594
33,monroeville,40.4212,-79.7881,21.94,86,64,1.41,US,1690258594
34,punta arenas,-53.15,-70.9167,-1.65,87,100,1.5,CL,1690258411
35,port mathurin,-19.6833,63.4167,23.65,75,83,9.4,MU,1690258595
36,adamstown,-25.066,-130.1015,20.51,72,15,3.92,PN,1690258596
37,falenki,58.3613,51.5946,15.72,82,33,2.13,RU,1690258596
38,rundu,-17.9333,19.7667,11.91,38,26,1.81,NA,1690258588
39,dhidhdhoo,6.8833,73.1,27.96,79,99,5.12,MV,1690258598
40,madinat ash shamal,26.1293,51.2009,34.44,52,99,2.42,QA,1690258598
41,loukhi,66.0764,33.0381,11.15,95,100,2.36,RU,1690258599
42,stanley,54.868,-1.6985,9.88,91,0,2.06,GB,1690258012
43,howard springs,-12.497,131.047,24.34,17,95,4.98,AU,1690258148
44,bilibino,68.0546,166.4372,12.34,84,100,0.54,RU,1690258600
45,armacao de buzios,-22.7469,-41.8817,20.03,90,4,7.74,BR,1690258469
46,east london,-33.0153,27.9116,10.85,57,0,2.2,ZA,1690257914
47,mezhdurechensk,53.6942,88.0603,25.04,49,20,2.09,RU,1690258602
48,tres arroyos,-38.3739,-60.2798,2.95,84,10,3.94,AR,1690258430
49,fort bragg,35.139,-79.006,25.91,88,0,0.0,US,1690258044
50,kapa'a,22.0752,-159.319,28.99,87,100,7.2,US,1690258026
51,worthington,40.0931,-83.018,19.23,96,40,1.54,US,1690258604
52,opuwo,-18.0607,13.84,16.58,34,100,2.46,NA,1690258196
53,chonchi,-42.6128,-73.8092,7.84,91,66,2.96,CL,1690258605
54,lindsay,36.203,-119.0882,31.11,42,0,0.0,US,1690258605
55,georgetown,5.4112,100.3354,31.97,70,20,3.09,MY,1690258500
56,cockburn town,21.4612,-71.1419,28.65,77,0,8.42,TC,1690258554
57,jayapura,-2.5333,140.7,30.66,85,98,0.59,ID,1690258318
58,manta,-0.95,-80.7333,26.67,74,75,7.6,EC,1690258352
59,tazacorte,28.629,-17.9293,22.54,83,40,4.63,ES,1690258132
60,holualoa,19.6228,-155.9522,26.59,79,75,2.06,US,1690258608
61,kargat,55.1956,80.2811,21.92,64,3,4.03,RU,1690258609
62,college,64.8569,-147.8028,29.99,40,75,3.6,US,1690258030
63,ushuaia,-54.8,-68.3,-1.19,69,0,2.06,AR,1690258610
64,shar'ya,58.3686,45.5144,13.59,97,100,1.93,RU,1690258406
65,tofol,5.3248,163.0078,28.66,76,82,5.67,FM,1690258611
66,kadur,13.5533,76.0131,21.46,83,100,7.29,IN,1690258612
67,de aar,-30.6497,24.0123,5.37,44,100,2.11,ZA,1690258612
68,waitangi,-43.9535,-176.5597,11.57,98,100,0.89,NZ,1690258612
69,sittwe,20.15,92.9,28.64,80,70,7.07,MM,1690258613
70,yanggu,36.1106,115.7753,35.28,49,3,2.45,CN,1690258558
71,ta`u,-14.2336,-169.5144,25.73,72,21,6.44,AS,1690258217
72,qaqortoq,60.7167,-46.0333,5.31,92,94,2.26,GL,1690258614
73,vilyuchinsk,52.9306,158.4028,27.15,62,1,3.85,RU,1690258615
74,darnah,32.767,22.6367,28.18,60,0,7.53,LY,1690258615
75,nabire,-3.3667,135.4833,30.67,59,96,2.42,ID,1690258615
76,kavieng,-2.5744,150.7967,27.2,81,85,1.63,PG,1690258616
77,mournies,35.4764,24.0092,26.22,69,0,2.06,GR,1690258616
78,ilulissat,69.2167,-51.1,5.01,93,36,1.54,GL,1690258617
79,porto velho,-8.7619,-63.9039,22.03,94,0,1.03,BR,1690258191
80,zhangye,38.9342,100.4517,32.0,11,78,7.45,CN,1690258618
81,namibe,-15.1961,12.1522,15.9,88,58,2.67,AO,1690258619
82,hirtshals,57.5881,9.9592,14.59,84,5,10.09,DK,1690258619
83,onega,63.9061,38.1404,11.95,96,95,2.5,RU,1690258620
84,gorontalo,0.5412,123.0595,30.35,62,24,4.41,ID,1690258620
85,djibo,14.1022,-1.6306,26.76,68,38,5.4,BF,1690258621
86,lubango,-14.9172,13.4925,13.74,33,38,0.99,AO,1690258622
87,akureyri,65.6835,-18.0878,9.67,93,100,2.19,IS,1690258133
88,fisterra,42.9049,-9.2629,13.75,74,14,5.0,ES,1690258623
89,touros,-5.1989,-35.4608,23.1,88,11,6.0,BR,1690258623
90,west island,-12.1568,96.8225,26.99,65,75,8.23,CC,1690258624
91,lihue,21.9789,-159.3672,28.58,83,75,6.17,US,1690258624
92,udachny,66.4167,112.4,16.36,82,85,2.37,RU,1690258499
93,san rafael,-34.6177,-68.3301,6.19,55,94,1.11,AR,1690258626
94,quesnel,52.9999,-122.5029,14.28,94,100,2.06,CA,1690258626
95,titusville,28.6122,-80.8075,27.83,83,100,2.06,US,1690258576
96,tiksi,71.6872,128.8694,5.67,75,96,2.97,RU,1690258627
97,sarakhs,36.5449,61.1577,34.32,15,0,3.66,IR,1690258628
98,iskateley,67.6803,53.1512,18.33,72,61,4.57,RU,1690258048
99,hadibu,12.65,54.0333,25.41,77,97,11.34,YE,1690258221
100,nawalgarh,27.85,75.2667,34.35,47,93,3.73,IN,1690258630
101,altamont,42.2068,-121.7372,20.91,37,0,3.09,US,1690258630
102,tsiombe,-25.3,45.4833,14.65,93,0,2.32,MG,1690258630
103,bredasdorp,-34.5322,20.0403,5.92,74,0,1.99,ZA,1690258626
104,bardai,11.65,7.2333,21.27,93,24,3.43,NG,1690258206
105,ed damer,17.5928,33.9592,32.77,29,72,3.66,SD,1690258633
106,quang ngai,15.1167,108.8,33.86,52,45,2.25,VN,1690258530
107,ust-nera,64.5667,143.2,21.64,62,90,1.23,RU,1690258634
108,san antonio de pale,-1.4014,5.6325,22.59,83,22,2.53,GQ,1690258635
109,nelson bay,-32.7167,152.15,18.33,82,48,2.68,AU,1690258635
110,sola,-13.8833,167.55,25.87,85,32,3.07,VU,1690258636
111,stung treng,13.5259,105.9683,25.41,94,99,0.85,KH,1690258636
112,ribeira grande,38.5167,-28.7,21.54,85,15,2.24,PT,1690258637
113,uravakonda,14.95,77.2667,22.84,86,100,9.04,IN,1690258637
114,taungdwingyi,20.0167,95.55,32.81,52,40,4.09,MM,1690258637
115,geraldton,-28.7667,114.6,17.23,45,100,5.66,AU,1690258525
116,guerrero negro,27.9769,-114.0611,20.95,76,77,6.23,MX,1690258639
117,nantucket,41.2835,-70.0995,23.33,81,45,4.33,US,1690258639
118,velikiy ustyug,60.7644,46.3106,13.26,94,92,2.34,RU,1690258640
119,nuuk,64.1835,-51.7216,9.34,71,14,6.17,GL,1690258640
120,happy valley-goose bay,53.3168,-60.3315,12.93,96,72,1.09,CA,1690258074
121,dhangadhi,28.7079,80.5961,27.98,84,99,1.62,NP,1690258641
122,asau,46.4333,26.4,18.51,69,41,2.62,RO,1690258642
123,zaragoza,41.6561,-0.8773,18.25,59,0,8.23,ES,1690258642
124,enewetak,11.3474,162.3373,28.91,78,45,6.85,MH,1690258643
125,hirara,24.8,125.2833,33.92,70,75,9.77,JP,1690258551
126,papatowai,-46.5619,169.4708,7.72,80,82,7.51,NZ,1690258644
127,antsiranana,-12.2787,49.2917,21.69,78,48,3.62,MG,1690258644
128,holetown,13.1867,-59.6381,26.31,86,100,7.26,BB,1690258645
129,aasiaat,68.7098,-52.8699,2.76,95,100,3.17,GL,1690258645
130,ancud,-41.8697,-73.8203,9.06,84,53,9.34,CL,1690258646
131,hithadhoo,-0.6,73.0833,28.2,78,100,7.41,MV,1690258105
132,port macquarie,-31.4333,152.9167,18.27,56,7,4.57,AU,1690258471
133,alofi,-19.0595,-169.9187,22.94,64,2,2.57,NU,1690258647
134,hawaiian paradise park,19.5933,-154.9731,25.73,88,100,3.6,US,1690258647
135,brookings,44.3114,-96.7984,23.0,81,0,3.6,US,1690258086
136,santa cruz,-17.8,-63.1667,20.7,52,75,6.17,BO,1690258232
137,invercargill,-46.4,168.35,8.03,78,68,8.04,NZ,1690258351
138,miri,4.4148,114.0089,33.08,66,20,3.6,MY,1690258649
139,newquay,50.4132,-5.0819,13.42,88,100,1.03,GB,1690258357
140,xilin hot,43.9667,116.0333,29.8,27,28,1.67,CN,1690258544
141,susuman,62.7833,148.1667,24.32,38,68,5.66,RU,1690258069
142,hasaki,35.7333,140.8333,36.84,74,100,5.34,JP,1690258651
143,ha'il,27.5219,41.6907,27.01,18,0,1.03,SA,1690258651
144,sao joao da barra,-21.6403,-41.0511,20.83,87,4,3.45,BR,1690258084
145,nadym,65.5333,72.5167,23.69,57,100,4.5,RU,1690258652
146,paphos,34.7667,32.4167,32.88,22,0,3.6,CY,1690258653
147,hermoso campo,-27.6082,-61.3444,11.17,81,97,3.33,AR,1690258653
148,la ronge,55.1001,-105.2842,21.14,52,0,0.51,CA,1690258654
149,longjiang,47.3303,123.1836,27.27,65,92,2.01,CN,1690258552
150,reggane,26.7158,0.1714,34.46,8,1,2.97,DZ,1690258064
151,hermanus,-34.4187,19.2345,9.48,66,0,2.52,ZA,1690258606
152,haiku-pauwela,20.9219,-156.3051,26.2,73,20,11.32,US,1690258147
153,iqaluit,63.7506,-68.5145,5.85,93,75,3.09,CA,1690258656
154,prado,-17.3411,-39.2208,19.51,95,36,2.34,BR,1690258612
155,ngambe,4.2333,10.6167,20.76,99,100,1.05,CM,1690258657
156,port elizabeth,-33.918,25.5701,4.16,87,0,1.03,ZA,1690258513
157,la passe,45.5549,-0.8967,16.66,70,100,8.1,FR,1690258657
158,katsuura,35.1333,140.3,28.12,75,57,5.02,JP,1690258246
159,ivankiv,50.9386,29.8943,17.21,83,55,2.47,UA,1690258658
160,turpan,42.9333,89.1667,39.6,16,0,1.93,CN,1690258560
161,saipan,15.1355,145.701,30.39,100,100,6.17,MP,1690258659
162,coquimbo,-29.9533,-71.3436,12.85,87,0,1.03,CL,1690258660
163,constitucion,-35.3333,-72.4167,11.62,70,100,2.23,CL,1690258626
164,marsa alam,25.0757,34.8918,32.08,44,0,1.46,EG,1690258661
165,biloela,-24.4167,150.5,21.39,51,71,9.16,AU,1690258661
166,kayangel,8.0823,134.7173,28.44,75,99,4.2,PW,1690258662
167,la fleche,47.6982,-0.0755,16.14,94,100,5.53,FR,1690258662
168,kamaishi,39.2667,141.8833,29.39,64,21,1.57,JP,1690258628
169,bolotnoye,55.6717,84.3981,24.47,53,36,2.38,RU,1690258422
170,kone,-21.0595,164.8658,22.88,51,98,6.58,NC,1690258065
171,zouerate,22.7187,-12.4521,26.64,36,2,5.2,MR,1690258110
172,whistler,50.1164,-122.9695,10.31,96,100,1.51,CA,1690258664
173,diego de almagro,-26.3667,-70.05,12.1,65,61,0.1,CL,1690258665
174,remire-montjoly,4.9167,-52.2667,24.02,100,75,0.0,GF,1690258665
175,klyuchi,52.2667,79.1667,25.7,34,84,5.58,RU,1690258666
176,avarua,-21.2078,-159.775,23.03,73,75,2.57,CK,1690258494
177,manay,7.215,126.5397,29.44,74,100,7.22,PH,1690258667
178,justo daract,-33.8594,-65.1828,7.8,72,4,6.93,AR,1690258667
179,nova sintra,14.8667,-24.7167,22.4,84,100,6.78,CV,1690258668
180,naze,28.3667,129.4833,30.51,78,100,5.23,JP,1690258379
181,mountain home,43.133,-115.6912,25.71,36,0,7.2,US,1690258668
182,alvaraes,-3.2208,-64.8042,23.57,61,3,0.32,BR,1690258669
183,atherton,53.5237,-2.4935,12.05,93,57,0.45,GB,1690258669
184,magadan,59.5667,150.8,24.74,60,19,2.4,RU,1690258120
185,pulandian,39.3953,121.9669,29.72,69,98,4.35,CN,1690258670
186,uyar,55.81,94.3153,19.14,78,100,4.22,RU,1690258671
187,oroqen zizhiqi,50.5667,123.7167,30.36,32,17,1.03,CN,1690258446
188,kavaratti,10.5669,72.642,28.28,76,99,7.44,IN,1690258103
189,kingston,17.997,-76.7936,28.53,77,20,1.03,JM,1690258672
190,port lincoln,-34.7333,135.8667,14.87,68,0,4.12,AU,1690258431
191,brisas de zicatela,15.8369,-97.0419,27.5,79,88,1.53,MX,1690258674
192,soufriere,13.8562,-61.0566,27.78,89,40,10.29,LC,1690258675
193,tadine,-21.55,167.8833,21.11,60,100,6.73,NC,1690258675
194,alice springs,-23.7,133.8833,17.75,34,0,8.23,AU,1690258110
195,jonquiere,48.4165,-71.2488,18.06,92,78,1.14,CA,1690258632
196,san juan de miraflores,-12.1629,-76.9635,19.29,82,74,4.04,PE,1690258679
197,atafu village,-8.5421,-172.5159,28.99,72,43,8.62,TK,1690258680
198,praia da vitoria,38.7333,-27.0667,21.53,94,75,4.18,PT,1690258681
199,antigonish,45.6169,-61.9986,22.37,81,100,2.58,CA,1690258682
200,longyearbyen,78.2186,15.6401,9.91,76,75,2.57,SJ,1690258682
201,colonia,50.9333,6.95,15.54,89,75,1.54,DE,1690258620
202,kismayo,-0.3582,42.5454,25.08,74,67,7.58,SO,1690258683
203,rudnichnyy,59.617,52.4703,15.0,88,26,2.2,RU,1690258684
204,alnwick,55.4132,-1.7056,11.71,76,100,4.12,GB,1690258684
205,hood river,45.7054,-121.5215,22.57,64,0,3.6,US,1690258685
206,fale old settlement,-9.3852,-171.2468,28.83,73,5,8.65,TK,1690258685
207,as sulayyil,20.4607,45.5779,34.64,10,85,2.24,SA,1690258095
208,al hamul,31.3115,31.1477,26.03,78,0,2.36,EG,1690258686
209,badger,64.8,-147.5333,29.95,49,75,3.6,US,1690258686
210,taltal,-25.4,-70.4833,14.51,87,26,0.64,CL,1690258687
211,nova vicosa,-17.8919,-39.3719,21.1,88,17,1.42,BR,1690258088
212,kill devil hills,36.0307,-75.676,26.01,89,0,3.09,US,1690258688
213,menongue,-14.6585,17.691,10.64,45,3,1.87,AO,1690258688
214,puerto deseado,-47.7503,-65.8938,5.25,84,100,9.74,AR,1690258689
215,zuwarah,32.9312,12.082,31.13,31,0,4.64,LY,1690258690
216,vadso,70.0744,29.7487,9.49,93,75,7.2,NO,1690258690
217,glace bay,46.1969,-59.957,20.99,94,75,2.57,CA,1690258594
218,aksaray,38.3726,34.0254,16.69,77,0,4.03,TR,1690258691
219,ihosy,-22.4,46.1167,13.28,58,39,1.34,MG,1690258692
220,vila velha,-20.3297,-40.2925,19.97,90,75,1.03,BR,1690258203
221,marsh harbour,26.5412,-77.0636,29.46,71,3,3.03,BS,1690258692
222,mount pearl,47.5166,-52.7813,20.25,90,46,2.24,CA,1690258100
223,whitehorse,60.7161,-135.0538,19.45,59,75,3.09,CA,1690258693
224,anadyr,64.75,177.4833,12.28,81,75,8.0,RU,1690258542
225,dazhou,31.2159,107.5009,29.5,69,100,0.89,CN,1690258544
226,san patricio,28.017,-97.5169,29.92,72,54,4.47,US,1690258695
227,muisne,0.6,-80.0333,25.03,88,87,4.98,EC,1690258695
228,sitka,57.0531,-135.33,16.94,72,0,7.72,US,1690258696
229,goba,7.0167,39.9833,11.23,88,47,1.47,ET,1690258696
230,harper,4.375,-7.7169,24.66,86,100,4.27,LR,1690258697
231,lata,40.1629,-8.3327,14.49,98,37,0.85,PT,1690258697
232,kodiak,57.79,-152.4072,13.73,72,0,5.66,US,1690258698
233,phan rang-thap cham,11.5667,108.9833,34.09,47,100,5.06,VN,1690258441
234,oriximina,-1.7656,-55.8661,25.69,59,50,1.0,BR,1690258121
235,wladyslawowo,54.7909,18.4009,17.19,93,35,5.27,PL,1690258699
236,ilebo,-4.3167,20.5833,21.48,72,9,0.37,CD,1690258699
237,adh dhayd,25.2881,55.8816,36.44,41,87,3.78,AE,1690258700
238,keflavik,64.0049,-22.5624,9.95,93,100,0.51,IS,1690258701
239,jamestown,42.097,-79.2353,19.77,80,0,0.45,US,1690258617
240,laojunmiao,39.8333,97.7333,25.68,17,12,3.36,CN,1690258702
241,wailua homesteads,22.0669,-159.378,28.24,87,75,6.17,US,1690258703
242,nemuro,43.3236,145.575,20.2,89,20,3.74,JP,1690258595
243,warrnambool,-38.3833,142.4833,13.47,66,33,3.54,AU,1690258704
244,mejit,10.2753,170.8646,28.42,78,100,8.34,MH,1690258705
245,uturoa,-16.7333,-151.4333,26.74,84,11,6.09,PF,1690258107
246,tsetserleg,47.475,101.4542,18.21,64,71,1.77,MN,1690258706
247,federal,-30.9547,-58.7833,10.3,93,99,5.24,AR,1690258707
248,lengshuitan,26.4111,111.5956,36.05,48,88,2.94,CN,1690258707
249,valparaiso,-33.0393,-71.6273,14.44,63,0,1.54,CL,1690258708
250,ar ruways,24.1103,52.7306,33.91,59,100,4.05,AE,1690258488
251,flin flon,54.7682,-101.865,19.54,51,90,2.09,CA,1690258708
252,minas de marcona,-15.2119,-75.1103,12.2,87,59,6.61,PE,1690258601
253,pucheng,27.9233,118.5333,33.4,49,85,1.72,CN,1690258560
254,kiffa,16.6166,-11.4045,30.46,59,91,8.21,MR,1690258671
255,tuburan,6.6439,122.2736,31.05,76,97,6.36,PH,1690258711
256,bulolo,-7.2,146.65,26.08,71,94,1.63,PG,1690258712
257,sokoni,-6.4333,39.55,24.2,83,31,6.49,TZ,1690258712
258,changyon,38.2508,125.0961,29.43,71,71,5.37,KP,1690258713
259,concepcion,-36.827,-73.0498,11.89,100,100,5.14,CL,1690258713
260,dawei,14.0833,98.2,24.25,96,100,0.98,MM,1690258714
261,argamasilla de calatrava,38.7384,-4.015,19.64,49,0,1.71,ES,1690258715
262,yatou,37.15,122.3833,30.6,63,89,4.85,CN,1690258716
263,asbest,57.0099,61.4578,19.0,60,35,2.5,RU,1690258422
264,whangarei,-35.7317,174.3239,12.72,79,51,4.86,NZ,1690258717
265,okha,53.5739,142.9478,19.12,68,52,5.3,RU,1690258442
266,tafuna,-14.3358,-170.72,26.97,74,40,3.09,AS,1690258719
267,cartagena,10.3997,-75.5144,27.79,83,20,3.6,CO,1690258720
268,ajaccio,42.0,8.9167,25.03,74,100,2.57,FR,1690258721
269,greymouth,-42.4667,171.2,10.64,86,75,5.48,NZ,1690258225
270,lompoc,34.6391,-120.4579,24.08,90,0,2.06,US,1690258722
271,tolanaro,-25.0319,46.9987,16.52,89,16,3.59,MG,1690258723
272,pangody,65.85,74.4859,24.23,55,95,3.88,RU,1690258244
273,campbell river,50.0163,-125.2446,16.81,100,75,1.03,CA,1690258724
274,berdigestyakh,62.0989,126.6992,29.62,40,55,2.39,RU,1690258724
275,nizao,18.25,-70.2,27.48,80,45,6.45,DO,1690258725
276,perth,-31.9333,115.8333,17.24,51,100,6.69,AU,1690257915
277,mount gambier,-37.8333,140.7667,14.8,58,49,2.05,AU,1690258706
278,gallup,35.5281,-108.7426,27.91,20,0,2.06,US,1690258727
279,kiama,-34.6833,150.8667,19.03,64,1,2.67,AU,1690258727
280,hammerfest,70.6634,23.6821,12.25,87,75,4.12,NO,1690258728
281,floro,61.5996,5.0328,13.98,88,75,5.14,NO,1690258728
282,berezovo,63.9381,65.0419,20.47,67,100,2.56,RU,1690258729
283,hobyo,5.3505,48.5268,25.37,77,41,11.1,SO,1690258162
284,port augusta,-32.5,137.7667,18.07,44,0,1.19,AU,1690258610
285,coxen hole,16.3244,-86.5366,28.6,79,0,9.26,HN,1690258731
286,undurkhaan,47.3194,110.6556,24.68,39,88,3.1,MN,1690258731
287,chibougamau,49.9168,-74.3659,15.79,94,100,1.49,CA,1690258144
288,aldinga beach,-35.2793,138.4604,17.92,70,0,1.97,AU,1690258732
289,awjilah,29.1081,21.2869,28.85,27,0,3.77,LY,1690258207
290,prince rupert,54.3161,-130.3201,14.05,94,20,1.03,CA,1690258733
291,sterling,39.0062,-77.4286,25.0,87,75,3.09,US,1690258250
292,miles city,46.4083,-105.8406,32.54,22,0,7.2,US,1690258734
293,bubaque,11.2833,-15.8333,26.21,84,100,3.5,GW,1690258183
294,cranbrook,49.4999,-115.7688,25.91,24,75,4.63,CA,1690258735
295,fortuna,40.5982,-124.1573,17.18,90,0,3.6,US,1690258735
296,hamilton,39.1834,-84.5333,22.0,92,0,2.06,US,1690258735
297,flying fish cove,-10.4217,105.6791,25.82,83,75,4.63,CX,1690258152
298,lavrio,37.7145,24.0565,30.69,53,0,2.37,GR,1690258736
299,taulaga,-11.0553,-171.0883,28.04,73,74,8.73,AS,1690258737
300,meadow lake,34.8014,-106.5436,30.71,24,24,2.79,US,1690258737
301,northbridge,42.1515,-71.6495,22.08,88,11,2.3,US,1690258738
302,masterton,-40.9597,175.6575,13.27,83,81,0.84,NZ,1690258738
303,al hufuf,25.3646,49.5653,32.19,14,0,3.09,SA,1690258739
304,ust'-ilimsk,58.0006,102.6619,23.43,60,94,2.93,RU,1690258739
305,ambovombe,-25.1667,46.0833,14.9,90,1,3.35,MG,1690258740
306,klintsy,52.7602,32.2393,16.98,94,100,3.12,RU,1690258740
307,cabedelo,-6.9811,-34.8339,23.37,83,28,5.56,BR,1690258592
308,gazojak,41.1875,61.4036,37.69,14,0,4.36,TM,1690258490
309,voznesensk,47.5649,31.3308,22.32,79,38,4.51,UA,1690258742
310,urangan,-25.3,152.9,20.29,63,4,9.4,AU,1690258742
311,sao vicente,-23.9631,-46.3919,24.04,26,8,1.4,BR,1690258496
312,nagqu,31.5,92.0,7.56,81,100,1.96,CN,1690258475
313,longboat key,27.4125,-82.659,29.02,62,0,2.57,US,1690258743
314,kashgar,39.4547,75.9797,27.56,36,0,3.0,CN,1690258542
315,port saint john's,-31.6229,29.5448,12.07,72,0,2.67,ZA,1690258202
316,st. john's,47.5649,-52.7093,20.71,90,40,6.69,CA,1690258676
317,cacule,-14.5033,-42.2222,16.76,74,53,1.71,BR,1690258746
318,lautoka,-17.6167,177.4667,26.92,74,75,4.12,FJ,1690258747
319,gimcheon,36.1218,128.1198,31.62,66,75,1.54,KR,1690258668
320,san vicente de chucuri,6.881,-73.4098,25.65,83,100,1.81,CO,1690258747
321,puerto lempira,15.2667,-83.7667,26.47,85,58,3.61,HN,1690258748
322,regina,50.4501,-104.6178,26.69,67,20,6.71,CA,1690258748
323,tamanrasset,22.785,5.5228,24.95,20,1,2.57,DZ,1690258505
324,newman,37.3138,-121.0208,29.03,10,61,2.35,US,1690258749
325,port alfred,-33.5906,26.891,10.38,69,0,2.56,ZA,1690258652
326,hengchun,22.0042,120.7439,29.83,71,81,9.95,TW,1690258311
327,fort stockton,30.894,-102.8793,29.53,30,0,8.05,US,1690258750
328,tura,25.5198,90.2201,28.61,81,87,1.42,IN,1690258177
329,dudinka,69.4058,86.1778,18.68,46,41,6.67,RU,1690258169
330,sinabang,2.4803,96.3801,29.43,68,49,0.75,ID,1690258752
331,yarmouth,41.7057,-70.2286,23.33,93,0,1.34,US,1690258592
332,argo,37.6333,22.7333,25.99,42,0,1.34,GR,1690258753
333,saldanha,-33.0117,17.9442,3.03,77,0,4.32,ZA,1690258753
334,eyl,7.9803,49.8164,26.22,64,45,12.61,SO,1690258753
335,ulladulla,-35.35,150.4667,15.21,57,5,2.58,AU,1690258456
336,pacific grove,36.6177,-121.9166,19.63,77,0,3.09,US,1690258619
337,yelizovo,53.1873,158.3805,27.08,41,40,2.0,RU,1690258729
338,knottsville,37.7717,-86.9042,22.08,99,1,2.81,US,1690258755
339,montemor-o-novo,38.6481,-8.2145,12.0,96,13,3.2,PT,1690258756
340,pont rouge,48.8833,-72.0825,17.16,95,93,2.04,CA,1690258756
341,dhuusamarreeb,5.535,46.3861,24.05,68,65,10.11,SO,1690258757
342,inderbor,48.55,51.7833,25.08,48,100,5.36,KZ,1690258757
343,envira,-7.3,-70.2167,23.5,64,33,0.45,BR,1690258758
344,kerikeri,-35.2268,173.9474,14.95,84,31,1.34,NZ,1690258758
345,mount isa,-20.7333,139.5,21.87,37,52,7.72,AU,1690258171
346,papireddippatti,11.9177,78.3687,24.12,68,100,6.46,IN,1690258759
347,weno,7.4515,151.8468,30.97,79,100,2.06,FM,1690258760
348,ratnagiri,16.9833,73.3,25.89,89,100,6.89,IN,1690258760
349,kibondo,-3.5864,30.7203,15.9,58,22,1.24,TZ,1690258760
350,aykhal,66.0,111.5,17.43,67,90,3.27,RU,1690258761
351,castillos,-34.1667,-53.8333,9.95,92,100,4.78,UY,1690258761
352,rio grande,-32.035,-52.0986,12.75,93,100,9.25,BR,1690258762
353,timbuktu,16.7735,-3.0074,31.03,53,99,7.08,ML,1690258762
354,ciudad bolivar,8.1222,-63.5497,26.57,79,84,1.86,VE,1690258526
355,labuan,5.2767,115.2417,31.2,66,20,2.06,MY,1690258604
356,klaksvik,62.2266,-6.589,7.51,83,100,5.56,FO,1690258187
357,acarau,-2.8856,-40.12,25.3,83,11,6.37,BR,1690258764
358,aginskoye,51.1,114.53,24.42,50,65,2.89,RU,1690258765
359,namtsy,62.7161,129.6658,30.17,39,15,4.06,RU,1690258765
360,dolinsk,47.35,142.8,22.33,77,98,2.37,RU,1690258766
361,pago pago,-14.2781,-170.7025,26.55,74,40,3.09,AS,1690258766
362,tazovsky,67.4667,78.7,18.12,72,24,3.54,RU,1690258767
363,yukhnov,54.7444,35.2297,15.41,95,75,1.37,RU,1690258767
364,oranjemund,-28.55,16.4333,13.13,53,82,1.88,NA,1690258169
365,san juan nepomuceno,9.9516,-75.082,24.62,87,62,1.86,CO,1690258689
366,hami,42.8,93.45,34.42,13,0,2.55,CN,1690258714
367,toliara,-23.35,43.6667,16.74,85,2,2.48,MG,1690258537
368,grand falls-windsor,48.9332,-55.6649,18.61,87,34,2.74,CA,1690258239
369,vanino,49.0869,140.2543,22.44,82,34,3.0,RU,1690258770
370,ghanzi,-21.5667,21.7833,14.38,33,23,2.09,BW,1690258771
371,vernon,50.2581,-119.2691,18.12,73,78,0.86,CA,1690258209
372,beloyarskiy,63.7119,66.6722,21.39,66,100,1.49,RU,1690258772
373,itaituba,-4.2761,-55.9836,22.85,56,3,0.21,BR,1690258772
374,baotou,40.6522,109.8222,32.69,26,68,4.21,CN,1690258773
375,viedma,-40.8135,-62.9967,6.52,78,96,7.47,AR,1690258186
376,yaren,-0.5472,166.916,29.18,72,41,4.09,NR,1690258773
377,revda,56.801,59.9303,16.98,85,51,3.46,RU,1690258774
378,tirumullaivasal,11.2333,79.8333,29.23,62,100,6.5,IN,1690258775
379,talnakh,69.4865,88.3972,18.45,51,45,2.11,RU,1690258775
380,talitsa,56.8804,60.0213,18.3,82,48,3.42,RU,1690258776
381,ak'ordat,15.5486,37.8867,26.45,56,78,3.08,ER,1690258776
382,gadzhiyevo,69.2551,33.3362,9.52,95,100,3.5,RU,1690258776
383,sabang,5.8933,95.3214,28.59,74,100,9.52,ID,1690258777
384,pisco,-13.7,-76.2167,17.23,88,1,2.57,PE,1690258777
385,cabo san lucas,22.8909,-109.9124,30.9,76,19,3.58,MX,1690258481
386,petropavlovsk-kamchatsky,53.0452,158.6483,26.33,41,40,2.0,RU,1690258739
387,karwar,14.8,74.1333,25.97,86,100,6.21,IN,1690258779
388,cidreira,-30.1811,-50.2056,17.57,97,100,4.8,BR,1690258779
389,carambei,-24.9178,-50.0972,11.95,73,37,1.19,BR,1690258780
390,tongchuan,35.0806,109.0897,32.22,41,0,4.6,CN,1690258780
391,porto novo,6.4965,2.6036,24.21,89,96,2.55,BJ,1690258209
392,kibaya,-5.3,36.5667,14.18,82,83,2.64,TZ,1690258781
393,piura,-5.2,-80.6333,22.07,75,33,5.93,PE,1690258781
394,narvik,68.4384,17.4272,14.34,93,66,0.76,NO,1690258782
395,new norfolk,-42.7826,147.0587,14.4,52,100,2.25,AU,1690258783
396,bikenibeu village,1.3673,173.1241,30.98,70,40,1.03,KI,1690258783
397,tongchuanshi,35.0806,109.0897,32.22,41,0,4.6,CN,1690258780
398,vittel,48.2009,5.9484,14.9,94,0,3.6,FR,1690258784
399,daxing,39.7214,116.3292,30.98,46,2,1.8,CN,1690258785
400,sonqor,34.7837,47.6004,26.35,18,0,0.86,IR,1690258785
401,aden,12.7794,45.0367,30.53,75,100,0.3,YE,1690258499
402,altai,46.3722,96.2583,18.0,32,22,2.93,MN,1690258208
403,kununurra,-15.7667,128.7333,21.99,23,9,5.66,AU,1690258788
404,queenstown,-31.8976,26.8753,2.54,57,11,1.61,ZA,1690258788
405,zonguldak,41.25,31.8333,12.47,67,0,1.79,TR,1690258536
406,dunedin,-45.8742,170.5036,9.89,65,90,2.68,NZ,1690258789
407,tual,-5.6667,132.75,24.87,76,84,10.61,ID,1690258789
408,bucerias,20.75,-105.3333,28.99,84,100,1.54,MX,1690258790
409,smara,26.7384,-11.6719,18.97,84,0,5.36,EH,1690258790
410,carutapera,-1.195,-46.02,24.44,89,5,1.55,BR,1690258791
411,dumai,1.6833,101.45,31.92,55,95,1.55,ID,1690258637
412,alaghsas,17.0187,8.0168,28.05,55,72,3.77,NE,1690258235
413,kaa-khem,51.6833,94.7333,21.33,46,96,2.44,RU,1690258792
414,severo-yeniseyskiy,60.3725,93.0408,25.1,47,10,1.51,RU,1690258792
415,yulinshi,38.2906,109.7494,32.01,29,0,6.77,CN,1690258542
416,nogales,31.3086,-110.9422,25.69,64,75,3.09,MX,1690258794
417,laascaanood,8.4774,47.3597,22.13,66,42,15.24,SO,1690258737
418,karratha,-20.7377,116.8463,21.91,48,0,10.31,AU,1690258795
419,amalapuram,16.5833,82.0167,26.39,87,100,5.53,IN,1690258186
420,crane,31.3974,-102.3501,31.18,26,0,5.53,US,1690258197
421,broome,42.2506,-75.833,18.59,89,75,3.09,US,1690258796
422,dubovskoye,47.4092,42.7575,23.02,64,44,3.16,RU,1690258797
423,fomboni,-12.28,43.7425,25.22,72,54,6.65,KM,1690258797
424,codajas,-3.8367,-62.0569,24.16,61,4,0.76,BR,1690258798
425,yanam,16.7333,82.2167,28.15,81,100,5.89,IN,1690258798
426,totskoye,52.5248,52.7623,21.5,62,46,1.48,RU,1690258799
427,port shepstone,-30.7414,30.455,12.62,68,2,2.38,ZA,1690258799
428,cromer,52.9312,1.2989,9.52,69,100,3.19,GB,1690258799
429,daru,-9.0763,143.2092,25.9,67,100,4.01,PG,1690258226
430,manokwari,-0.8667,134.0833,28.46,72,24,1.77,ID,1690258614
431,sylvan lake,52.3168,-114.0853,22.42,76,75,1.03,CA,1690258801
432,bayanaul,50.7889,75.6956,23.64,36,100,2.2,KZ,1690258802
433,possneck,50.6936,11.5923,15.24,97,99,1.81,DE,1690258803
434,sharypovo,55.5403,89.2008,16.91,94,100,1.57,RU,1690258804
435,carnarvon,-24.8667,113.6333,21.71,50,88,11.7,AU,1690258804
436,gisborne,-38.6533,178.0042,14.89,65,33,3.02,NZ,1690258805
437,dubai,25.2582,55.3047,37.16,41,20,3.6,AE,1690258129
438,island harbour,50.724,-1.2758,13.59,95,93,0.45,GB,1690258806
439,inarajan village,13.2736,144.7484,29.66,86,100,5.15,GU,1690258806
440,sretensk,52.2453,117.7093,29.33,33,97,1.38,RU,1690258806
441,amahai,-3.3333,128.9167,25.63,79,84,6.14,ID,1690258807
442,worland,44.0169,-107.9554,23.82,60,0,3.09,US,1690258808
443,puerto baquerizo moreno,-0.9,-89.6,24.3,88,27,6.01,EC,1690258809
444,al jawf,29.5,38.75,27.3,29,0,3.12,SA,1690258809
445,saint-joseph,-21.3667,55.6167,20.82,79,5,2.6,RE,1690258810
446,ayorou,14.7308,0.9174,29.64,54,99,4.56,NE,1690258810
447,sovetskiy,61.3614,63.5842,15.3,88,100,1.35,RU,1690258729
448,mirny,62.5353,113.9611,28.36,45,17,3.19,RU,1690258811
449,anaconda,46.1285,-112.9423,22.55,61,100,2.6,US,1690258812
450,westport,41.1415,-73.3579,25.41,91,0,2.68,US,1690258812
451,amparafaravola,-17.5833,48.2167,15.71,86,97,1.23,MG,1690258813
452,curup,-3.4667,102.5333,27.72,55,13,1.55,ID,1690258813
453,huetamo de nunez,18.5833,-100.8833,24.23,91,94,0.87,MX,1690258611
454,el granada,37.5027,-122.4694,20.59,83,100,7.72,US,1690258815
455,mwingi,-0.9344,38.0601,17.58,81,90,3.42,KE,1690258816
456,pimentel,-6.8367,-79.9342,22.16,83,75,5.66,PE,1690258816
457,aswan,24.0934,32.907,32.42,19,1,3.29,EG,1690258718
458,byron bay,-28.65,153.6167,19.84,53,1,5.71,AU,1690258818
459,labrador city,52.9463,-66.9114,16.95,67,100,2.06,CA,1690258818
460,nosy varika,-20.5833,48.5333,18.79,87,11,1.97,MG,1690258819
461,leones,-32.6617,-62.2968,6.73,93,0,2.65,AR,1690258819
462,khandyga,62.6667,135.6,29.47,43,23,3.2,RU,1690258820
463,cruzeiro do sul,-29.5128,-51.9853,17.5,94,100,0.2,BR,1690258820
464,broken hill,-31.95,141.4333,14.6,46,0,3.4,AU,1690258655
465,sault ste. marie,46.5168,-84.3333,16.16,93,0,2.06,CA,1690258822
466,fort dodge,42.4975,-94.168,23.08,88,0,2.57,US,1690258664
467,ulsteinvik,62.3432,5.8487,14.95,88,100,7.15,NO,1690258823
468,port-vila,-17.7338,168.3219,20.78,94,100,3.6,VU,1690258823
469,pariaman,-0.619,100.12,31.03,65,52,1.62,ID,1690258824
470,belmonte,-15.8631,-38.8828,20.72,90,17,3.52,BR,1690258824
471,telenesti,47.4997,28.3656,21.83,47,26,1.36,MD,1690258825
472,san ignacio,17.1561,-89.0714,26.08,100,0,0.0,BZ,1690258648
473,sesheke,-17.4759,24.2968,11.94,46,13,2.45,ZM,1690258826
474,sosnogorsk,63.6023,53.8817,17.91,66,96,2.66,RU,1690258827
475,ampara,7.2833,81.6667,30.9,52,100,0.66,LK,1690258827
476,nar'yan-mar,67.6713,53.087,18.42,72,54,4.64,RU,1690258828
477,pyhajarvi,67.0701,27.2176,11.68,91,94,2.87,FI,1690258828
478,vina del mar,-33.0246,-71.5518,14.35,63,0,1.54,CL,1690258829
479,tshabong,-26.05,22.45,10.26,21,51,3.95,BW,1690258829
480,immokalee,26.4187,-81.4173,28.97,89,100,0.0,US,1690258613
481,praia,14.9215,-23.5087,25.3,83,20,6.69,CV,1690258568
482,andergrove,-21.0833,149.1833,20.36,86,75,8.76,AU,1690258831
483,kandava,57.0409,22.7747,14.53,99,100,3.46,LV,1690258831
484,nizamabad,18.6667,78.1167,22.76,96,100,6.73,IN,1690258654
485,kibre mengist,5.8833,38.9833,15.17,94,100,0.78,ET,1690258832
486,nouadhibou,20.931,-17.0347,22.99,73,32,7.2,MR,1690258833
487,piti village,13.4626,144.6933,29.61,85,75,3.09,GU,1690258833
488,swakopmund,-22.6833,14.5333,11.66,89,31,1.34,NA,1690258801
489,afaahiti,-17.75,-149.2833,25.93,82,5,7.77,PF,1690258834
490,padang,-0.9492,100.3543,31.03,65,34,1.92,ID,1690258784
491,plettenberg bay,-34.0527,23.3716,9.46,54,0,1.95,ZA,1690258624
492,tulun,54.5611,100.5792,23.12,51,14,0.88,RU,1690258835
493,corinto,37.9407,22.9573,26.05,49,0,0.73,GR,1690258836
494,brokopondo,4.75,-55.1667,25.56,81,84,0.54,SR,1690258754
495,placido de castro,-10.3353,-67.1856,23.0,53,3,0.92,BR,1690258836
496,el alto,-4.2714,-81.2147,20.53,83,3,8.27,PE,1690258637
497,dalbandin,28.8947,64.4101,31.46,46,99,2.83,PK,1690258837
498,marquette,46.5333,-87.6335,14.09,80,1,0.45,US,1690258838
499,aras-asan,8.8908,126.3033,29.8,66,90,4.82,PH,1690258839
500,puerto santa,-8.9906,-78.6456,21.09,80,78,4.91,PE,1690258839
501,kapuskasing,49.4169,-82.4331,13.05,87,20,0.51,CA,1690258840
502,san andres,12.5847,-81.7006,29.01,79,20,6.69,CO,1690258840
503,bavly,54.393,53.2602,18.83,74,50,0.89,RU,1690258841
504,hrebinka,50.1171,32.4361,19.63,63,66,4.58,UA,1690258841
505,kidatu,-7.6992,36.9572,20.56,82,71,0.23,TZ,1690258841
506,zhongshu,24.5167,103.7667,25.26,63,76,3.66,CN,1690258842
507,puerto armuelles,8.2833,-82.8667,27.83,70,100,1.34,PA,1690258580
508,luderitz,-26.6481,15.1594,11.46,80,60,1.59,NA,1690258807
509,khovd,48.0056,91.6419,21.26,33,15,2.69,MN,1690258752
510,kummersbruck,49.4192,11.8883,15.2,95,100,0.95,DE,1690258844
511,corner brook,48.9667,-57.9484,19.09,94,84,2.1,CA,1690258844
512,lichuan,30.3,108.85,24.54,82,99,1.72,CN,1690258845
513,sanghar,26.0466,68.9481,31.28,71,100,2.35,PK,1690258845
514,rikaze,29.25,88.8833,14.85,58,96,0.26,CN,1690258845
515,thunder bay,48.4001,-89.3168,13.99,88,3,0.51,CA,1690258846
516,metairie,29.9841,-90.1528,28.99,73,0,2.06,US,1690258846
517,rawson,-43.3002,-65.1023,8.67,63,100,13.64,AR,1690258847
518,ventspils,57.3894,21.5606,15.96,100,75,4.12,LV,1690258847
519,darwin,-12.4611,130.8418,24.38,29,0,5.14,AU,1690258662
520,fort st. john,56.2499,-120.8529,15.94,72,100,2.06,CA,1690258848
521,makokou,0.5738,12.8642,19.5,97,11,1.13,GA,1690258748
522,tostado,-29.232,-61.7692,11.66,76,100,4.51,AR,1690258849
523,portage la prairie,49.9728,-98.2926,21.63,79,30,1.79,CA,1690258850
524,bezhetsk,57.7851,36.6965,13.27,85,39,2.35,RU,1690258850
525,jiangzi,28.95,89.6333,9.64,64,100,1.63,CN,1690258851
526,ploudalmezeau,48.5333,-4.65,15.16,94,100,1.54,FR,1690258851
527,pionerskiy,54.9508,20.2275,16.91,88,69,5.89,RU,1690258851
528,poronaysk,49.2167,143.1167,20.71,82,17,3.72,RU,1690258723
529,al muwayh,22.4333,41.7583,28.77,14,95,4.44,SA,1690258852
530,hailar,49.2,119.7,24.58,58,96,2.92,CN,1690258561
531,nikolayevsk-on-amure,53.1406,140.73,28.45,46,71,3.68,RU,1690258853
532,padangsidempuan,1.3667,99.2667,29.99,54,75,1.91,ID,1690258854
533,christchurch,-43.5333,172.6333,10.51,88,75,3.09,NZ,1690258625
534,empalme,27.9667,-110.8167,33.53,60,4,2.7,MX,1690258855
535,akjoujt,19.6969,-14.4164,29.07,43,34,4.58,MR,1690258855
536,cannonvale,-20.2833,148.7,19.66,76,17,6.56,AU,1690258856
537,itoman,26.1247,127.6694,33.01,62,75,10.29,JP,1690258800
538,huelma,37.6713,-3.39,18.98,57,0,0.94,ES,1690258857
539,shalqar,47.8333,59.6,29.66,27,91,3.04,KZ,1690258857
540,kruisfontein,-34.0033,24.7314,6.11,70,0,2.33,ZA,1690258857
541,kuruman,-27.4524,23.4325,7.87,19,98,4.42,ZA,1690258754
542,rio san juan,19.6439,-70.0763,26.49,87,24,4.58,DO,1690258859
543,berezovyy,51.6667,135.7,17.35,98,100,1.12,RU,1690258859
544,las heras,-46.5419,-68.9359,-0.03,98,100,1.9,AR,1690258860
545,saint-francois,46.4154,3.9054,15.69,82,100,2.06,FR,1690258860
546,riosucio,5.4216,-75.7032,12.78,97,100,0.58,CO,1690258652
547,sakakah,29.9697,40.2064,29.76,23,0,2.18,SA,1690258861
548,gypsum,39.6469,-106.9517,26.31,27,0,2.57,US,1690258862
549,isangel,-19.55,169.2667,20.77,75,100,7.5,VU,1690258862
550,taoudenni,22.6783,-3.9836,37.43,15,83,1.44,ML,1690258863
551,madimba,-10.4,40.3333,21.62,94,20,6.69,TZ,1690258863
552,arenapolis,-14.4503,-56.8461,20.77,44,0,1.3,BR,1690258864
553,ebon,4.582,168.6964,28.33,77,39,3.61,MH,1690258864
554,kas,36.2018,29.6377,28.96,41,0,3.74,TR,1690258865
555,la romana,18.4273,-68.9728,25.96,84,7,4.73,DO,1690258865
556,novodvinsk,64.4165,40.8122,14.25,80,65,1.95,RU,1690258866
557,joao monlevade,-19.81,-43.1736,15.1,92,69,0.75,BR,1690258629
558,starobaltachevo,56.0013,55.9213,16.92,84,77,2.32,RU,1690258867
559,palmer,42.1584,-72.3287,21.65,78,0,2.57,US,1690258867
560,punta cardon,11.6581,-70.215,26.47,86,24,12.04,VE,1690258868
561,sansanne-mango,10.3592,0.4708,22.94,93,96,1.81,TG,1690258868
562,druskininkai,54.0167,23.9667,19.25,94,97,2.5,LT,1690258824
563,peace river,56.2501,-117.286,16.17,94,100,5.14,CA,1690258869
564,misratah,32.3754,15.0925,30.03,47,0,3.72,LY,1690258870
565,loango,-4.6719,11.8312,20.81,100,75,2.57,CG,1690258870
566,zakynthos,37.7914,20.8953,26.47,83,0,0.0,GR,1690258871
567,virginia,37.5481,-77.4467,23.95,93,20,0.0,US,1690258871
568,hawkesbury,45.6001,-74.616,18.16,97,66,1.75,CA,1690258872
569,mossel bay,-34.1831,22.146,4.96,58,0,1.76,ZA,1690258576
570,kharan,28.5833,65.4167,30.99,49,100,0.88,PK,1690258873
571,monrovia,6.3005,-10.7969,24.87,86,100,3.61,LR,1690258873
572,sao joao dos patos,-6.495,-43.7022,20.5,55,3,1.41,BR,1690258701
573,khanty-mansiysk,61.0042,69.0019,17.06,100,20,1.0,RU,1690258874
574,elkins,38.9259,-79.8467,19.7,95,0,0.0,US,1690258875
575,chui,-33.6971,-53.4616,10.81,93,100,6.05,UY,1690258715
576,lugovoye,42.9094,72.7178,33.46,16,18,2.29,KZ,1690258876
577,sampit,-2.5333,112.95,31.88,49,20,1.8,ID,1690258876
578,lisakovsk,52.5369,62.4936,24.24,41,68,3.81,KZ,1690258877
579,veinticinco de mayo,-35.4323,-60.1727,3.32,94,0,0.89,AR,1690258877
580,swan hill,-35.3378,143.5544,15.84,49,0,2.02,AU,1690258877
581,ghadamis,30.1337,9.5007,31.14,16,0,4.74,LY,1690258878
582,tocopilla,-22.092,-70.1979,16.86,80,47,2.01,CL,1690258878
583,lichinga,-13.3128,35.2406,13.05,82,20,2.57,MZ,1690258879
584,barra velha,-26.6322,-48.6847,17.16,97,13,0.42,BR,1690258596
585,siwa oasis,29.2041,25.5195,28.66,45,0,4.05,EG,1690258881
586,kourou,5.1552,-52.6478,24.03,90,87,3.01,GF,1690258881
587,bella vista,36.4295,-94.2316,27.09,73,0,3.09,US,1690258632
588,mar del plata,-38.0023,-57.5575,7.19,77,40,6.71,AR,1690258882
589,mil'kovo,55.6078,37.7956,16.08,93,45,1.32,RU,1690258883
590,trabzon,40.9167,39.8333,21.05,64,75,3.6,TR,1690258602
591,pemangkat,1.1667,108.9667,30.24,63,91,4.78,ID,1690258884
592,buala,-8.145,159.5921,27.78,80,100,2.35,SB,1690258884
593,el calafate,-50.3408,-72.2768,-5.8,72,100,1.13,AR,1690258885
594,lensk,60.7253,114.9278,33.36,26,1,2.15,RU,1690258885
595,warragul,-38.1667,145.9333,15.53,54,30,1.72,AU,1690258885
596,banlung,13.7468,107.0045,23.9,90,100,1.84,KH,1690258603
597,hastings,50.8552,0.5729,13.51,51,98,4.29,GB,1690258886
598,laminusa,5.5549,120.9136,28.51,82,97,9.4,PH,1690258887
599,jining,35.405,116.5814,34.99,49,45,2.93,CN,1690258674
